Designator,Footprint,Quantity,Value,LCSC Part #
"D1, D10, D11, D12, D13, D14, D15, D16, D17, D18, D19, D2, D20, D21, D3, D4, D5, D6, D7, D8, D9",D3_SMD,21,D,
"J1_2, J1",JST_PH_S2B-PH-K_1x02_P2.00mm_Horizontal,2,BAT,
J2,PinSocket_1x05_P2.54mm_Vertical,1,OLED,
J3,StripLED_rev,1,LED,
"JP1, JP10, JP2, JP3, JP4, JP5, JP6, JP7, JP8, JP9",Jumper,10,~,
"L1, L10, L11, L12, L13, L14, L15, L16, L17, L18, L19, L2, L20, L21, L3, L4, L5, L6, L7, L8, L9",SK6812MINI_rev,21,SK6812MINI,C5149201
"L22_2, L22, L23_2, L23, L24_2, L24, L25_2, L25, L26_2, L26, L27_2, L27",LED_SK6812MINI_PLCC4_3.5x3.5mm_P1.75mm,12,SK6812MINI,C5149201
RSW1,ResetSW,1,SW_PUSH,
"SW1, SW10, SW11, SW12, SW13, SW14, SW15, SW16, SW17, SW18, SW19, SW2, SW20, SW3, SW4, SW5, SW6, SW7, SW8, SW9",Choc_Hotswap,20,SW_PUSH,
SW21,Choc_Hotswap_1.5u,1,SW_PUSH,
"SW22, SW23",SW_SPDT_PCM12,2,SW_SPDT,
U1,ProMicro_v2,1,ProMicro,
