Designator,Mid X,Mid Y,Rotation,Layer
D1,-132.75,-7.125,270.0,top
D10,-59.75,-19.0,270.0,top
D11,-40.75,-21.375,270.0,top
D12,-37.75,-21.375,270.0,top
D13,-132.75,-45.125,270.0,top
D14,-97.75,-45.125,270.0,top
D15,-78.75,-40.375,270.0,top
D16,-59.75,-38.0,270.0,top
D17,-40.75,-40.375,270.0,top
D18,-37.75,-40.375,270.0,top
D19,-66.25,-60.0,270.0,top
D2,-97.75,-7.125,270.0,top
D20,-50.25,-59.75,270.0,top
D21,-47.25,-59.75,270.0,top
D3,-78.75,-2.375,270.0,top
D4,-59.75,0.0,270.0,top
D5,-40.75,-2.375,270.0,top
D6,-37.75,-2.375,270.0,top
D7,-132.75,-26.125,270.0,top
D8,-97.75,-26.125,270.0,top
D9,-78.75,-21.375,270.0,top
J1_2,-11.17,-40.36,180.0,top
J1,-9.18,-40.37,180.0,bottom
J2,-9.59,-36.075,270.0,top
J3,-20.75,-37.36,180.0,top
J4,-9.6,-36.08,270.0,bottom
JP1,-4.67,-33.58,270.0,top
JP10,-14.37,-33.32962,270.0,bottom
JP2,-6.73,-33.66924,270.0,top
JP3,-9.23,-33.67962,270.0,top
JP4,-11.55,-33.61962,270.0,top
JP5,-14.05,-33.64962,270.0,top
JP6,-4.96,-33.36962,270.0,bottom
JP7,-7.05,-33.34962,270.0,bottom
JP8,-9.55,-33.36038,270.0,bottom
JP9,-11.87,-33.3,270.0,bottom
L1,-124.75,-3.625,0.0,top
L10,-67.75,-15.5,0.0,top
L11,-48.75,-17.875,0.0,top
L12,-29.75,-20.25,0.0,top
L13,-124.75,-41.625,0.0,top
L14,-105.75,-41.625,0.0,top
L15,-86.75,-36.875,0.0,top
L16,-67.75,-34.5,0.0,top
L17,-48.75,-36.875,0.0,top
L18,-29.75,-39.25,180.0,bottom
L19,-58.25,-56.5,0.0,top
L2,-105.75,-3.625,0.0,top
L20,-35.75,-59.5,165.0,top
L21,-19.75,-65.75,240.0,top
L22_2,-105.75,-19.25,0.0,top
L22,-105.74,-19.24,0.0,bottom
L23_2,-67.73,-12.16,0.0,top
L23,-67.72,-12.16,0.0,bottom
L24_2,-29.78,-16.88,0.0,top
L24,-29.78,-16.88,0.0,bottom
L25_2,-105.75,-38.24,180.0,top
L25,-105.74,-38.24,180.0,bottom
L26_2,-67.76,-50.17,180.0,top
L26,-67.75,-50.17,180.0,bottom
L27_2,-29.74,-54.92,180.0,top
L27,-29.73,-54.91,180.0,bottom
L3,-86.75,1.125,0.0,top
L4,-67.75,3.5,0.0,top
L5,-48.75,1.125,0.0,top
L6,-29.75,-1.25,0.0,top
L7,-124.75,-22.625,0.0,top
L8,-105.75,-22.625,0.0,top
L9,-86.75,-17.875,0.0,top
RSW1,-1.69,-40.17,90.0,top
SW1,-124.7,-10.475,180.0,top
SW10,-67.7,-22.35,180.0,top
SW11,-48.7,-24.725,180.0,top
SW12,-29.7,-27.1,180.0,top
SW13,-124.7,-48.475,180.0,top
SW14,-105.7,-48.475,180.0,top
SW15,-86.7,-43.725,180.0,top
SW16,-67.7,-41.35,180.0,top
SW17,-48.7,-43.725,180.0,top
SW18,-29.7,-46.1,180.0,top
SW19,-58.2,-63.35,180.0,top
SW2,-105.7,-10.475,180.0,top
SW20,-38.159334,-65.642653,165.0,top
SW21,-14.145193,-69.863582,240.0,top
SW22,-1.9,-48.91,90.0,top
SW23,-1.86,-48.97,270.0,bottom
SW3,-86.7,-5.725,180.0,top
SW4,-67.7,-3.35,180.0,top
SW5,-48.7,-5.725,180.0,top
SW6,-29.7,-8.1,180.0,top
SW7,-124.7,-29.475,180.0,top
SW8,-105.7,-29.475,180.0,top
SW9,-86.7,-24.725,180.0,top
U1,-9.6168,-18.377,0.0,top
